{"cameraMode":{"drawMode":0,"name":"Shaded","section":"Shading Mode"},"sceneLighting":true,"audioPlay":false,"sceneViewState":{"m_AlwaysRefresh":false,"showFog":true,"showSkybox":true,"showFlares":true,"showImageEffects":true,"showParticleSystems":true,"showVisualEffectGraphs":true,"m_FxEnabled":true},"in2DMode":false,"pivot":{"x":6.525163173675537,"y":3.475454807281494,"z":-1.6897578239440919},"rotation":{"x":0.06264303624629975,"y":-0.014374135062098503,"z":-0.0009019587305374444,"w":-0.9979341626167297},"size":5.4852142333984379,"orthographic":false}